{"resources":["..\\..\\..\\dist\\assets\\sounds\\main\\sfx.ogg","..\\..\\..\\dist\\assets\\sounds\\main\\sfx.mp3"],"spritemap":{"bombSelected":{"start":0,"end":5.485714285714286,"loop":false},"breakPiggy":{"start":7,"end":8.748390022675737,"loop":false},"bubbleBurnUp":{"start":10,"end":10.712380952380952,"loop":false},"burstPop":{"start":12,"end":14.933333333333334,"loop":false},"dummyPop":{"start":16,"end":43.51310657596372,"loop":false},"fireballSelected":{"start":45,"end":50.37145124716553,"loop":false},"getAdsReward":{"start":52,"end":53.543356009070294,"loop":false},"getKey":{"start":55,"end":57.011428571428574,"loop":false},"iceBreaking":{"start":59,"end":59.53671201814059,"loop":false},"laser":{"start":61,"end":61.888004535147395,"loop":false},"leaves":{"start":63,"end":63.7937641723356,"loop":false},"lightningSelected":{"start":65,"end":72.43467120181406,"loop":false},"panelsIn":{"start":74,"end":74.41684807256236,"loop":false},"panelsOut":{"start":76,"end":76.76829931972789,"loop":false},"pentagonPop":{"start":78,"end":79.64571428571429,"loop":false},"rainbowSelected":{"start":81,"end":88.04319727891156,"loop":false},"rankUp":{"start":90,"end":95.22489795918368,"loop":false},"shootFireball":{"start":97,"end":98.1355328798186,"loop":false},"showGameOverPopup":{"start":100,"end":102.88979591836734,"loop":false},"showPigPopup":{"start":104,"end":106.42453514739229,"loop":false},"snowball":{"start":108,"end":109.15786848072563,"loop":false},"specialBubble":{"start":111,"end":114.34473922902494,"loop":false},"spiderHit":{"start":116,"end":116.24888888888889,"loop":false},"tickTack":{"start":118,"end":119.04489795918367,"loop":false},"addOneCoin":{"start":121,"end":121.16108843537415,"loop":false},"crownFlyOnUI":{"start":123,"end":124.5934693877551,"loop":false},"demoBusterApply":{"start":126,"end":126.5,"loop":false},"demoBusterShow":{"start":128,"end":128.14657596371882,"loop":false},"doubleColorPop":{"start":130,"end":131.21086167800453,"loop":false},"getChestReward":{"start":133,"end":134.47884353741497,"loop":false},"getCoin":{"start":136,"end":137.699410430839,"loop":false},"getCrownInLevel":{"start":139,"end":142.82816326530613,"loop":false},"getDailyReward":{"start":144,"end":145,"loop":false},"levelBallClick":{"start":146,"end":146.1653514739229,"loop":false},"noLivePopup":{"start":148,"end":148.9142857142857,"loop":false},"rainbowActivate":{"start":150,"end":150.5,"loop":false},"showAdsRewardPopup":{"start":152,"end":153.28,"loop":false},"successfulPurchase":{"start":155,"end":156.0867573696145,"loop":false},"thornPop":{"start":158,"end":158.38167800453516,"loop":false},"bombgActivate":{"start":160,"end":161.28666666666666,"loop":false},"exitConfirmationPopup":{"start":163,"end":164.2001814058957,"loop":false},"getFreeBomb":{"start":166,"end":167.57750566893424,"loop":false},"lightningActivate":{"start":169,"end":170.44544217687076,"loop":false},"plusMinusBall":{"start":172,"end":173.07392290249433,"loop":false}}}