{"resources":["sounds\\main\\sfx0.ogg","sounds\\main\\sfx0.mp3"],"spritemap":{"alert5Bubbles":{"start":0,"end":2.7261451247165533,"loop":false},"ballBounce":{"start":4,"end":4.310566893424037,"loop":false},"getStarInLevel_1":{"start":6,"end":7.415328798185941,"loop":false},"getStarInLevel_2":{"start":9,"end":10.418049886621315,"loop":false},"getStarInLevel_3":{"start":12,"end":13.416598639455783,"loop":false},"insertCoinInWinPopupPig":{"start":15,"end":15.8902947845805,"loop":false},"mi_buttonDown":{"start":17,"end":17.666122448979593,"loop":false},"pop":{"start":19,"end":19.194580498866213,"loop":false},"popupClose":{"start":21,"end":21.47126984126984,"loop":false},"popupOpen":{"start":23,"end":23.941473922902496,"loop":false},"shootDefault":{"start":25,"end":25.10448979591837,"loop":false},"showAlmostFailPopup":{"start":27,"end":29.12281179138322,"loop":false},"showCoinInWinPopup":{"start":31,"end":31.555804988662132,"loop":false},"showStarInWinPopup_1":{"start":33,"end":34.303219954648526,"loop":false},"swap":{"start":36,"end":36.26229024943311,"loop":false},"levelWinNoBallsFountain":{"start":38,"end":41.69133786848072,"loop":false},"levelWinScoring":{"start":43,"end":43.42725623582766,"loop":false},"levelWinStartBallsFountain":{"start":45,"end":48.270816326530614,"loop":false},"piggy":{"start":50,"end":51.67619047619048,"loop":false},"playLevelStartSwipeIn":{"start":53,"end":53.481814058956914,"loop":false},"playLevelStartSwipeOut":{"start":55,"end":55.63274376417233,"loop":false},"showStarInWinPopup_2":{"start":57,"end":58.271292517006806,"loop":false},"showStarInWinPopup_3":{"start":60,"end":61.271292517006806,"loop":false}}}